/blog/2022-08-13-ways-i-m-available-to-help     /ways-i-m-available-to-help
/blog/2017-06-18-hello-world-again              /hello-world-again
/blog/2017-06-20-sorry-linkedin-i-was-wrong     /sorry-linkedin-i-was-wrong
/blog/2017-06-21-working-remotely               /working-remotely
/blog/2017-06-26-micro-blogging                 /micro-blogging
/blog/2017-06-27-cloudstage                     /cloudstage
/blog/2017-06-28-cross-posting-to-twitter-using-laravel-notifications   /cross-posting-to-twitter-using-laravel-notifications
/blog/2017-06-29-install-wordpress-on-aws-for-free  /de/install-wordpress-on-aws-for-free
/blog/2017-06-30-confessions-of-a-serial-creator    /confessions-of-a-serial-creator
/blog/2017-07-08-dropbox-as-a-blogging-platform     /dropbox-as-a-blogging-platform
/blog/2017-07-17-creating-a-microblog-publishing-app-with-workflow  /creating-a-microblog-publishing-app-with-workflow
/blog/2017-07-18-creating-an-embedded-hashtag-system-in-laravel-part-1  /creating-an-embedded-hashtag-system-in-laravel-part-1
/blog/2017-07-19-clickable-urls-and-email-addresses-in-php  /clickable-urls-and-email-addresses-in-php
/blog/2017-07-20-inspirational-and-informational-book-recommendations   /inspirational-and-informational-book-recommendations
/blog/2017-07-21-creating-an-embedded-hashtag-system-in-laravel-part-2  /creating-an-embedded-hashtag-system-in-laravel-part-2
/blog/2017-07-24-creating-an-embedded-hashtag-system-in-laravel-part-3  /creating-an-embedded-hashtag-system-in-laravel-part-3
/blog/2017-07-26-building-a-dictionary-of-domain-names  /building-a-dictionary-of-domain-names
/blog/2017-07-28-new-package-domainr-api-wrapper-for-php    /new-package-domainr-api-wrapper-for-php
/blog/2017-07-30-building-a-dictionary-of-domain-names-part-2   /building-a-dictionary-of-domain-names-part-2
/blog/2017-10-03-validating-your-business-idea  /validating-your-business-idea
/blog/2017-12-08-in-search-of-a-good-cause  /in-search-of-a-good-cause
/blog/2018-01-01-2018   /2018
/blog/2018-01-24-the-far-north-queensland-dash  /the-far-north-queensland-dash
/blog/2018-03-14-household  /household
/blog/2020-11-12-getting-back-to-writing    /getting-back-to-writing
/blog/2020-11-13-image-optimisation-with-jigsaw /image-optimisation-with-jigsaw
/blog/2020-11-14-first-video-on-youtube /first-video-on-youtube
/blog/2021-01-10-looking-ahead-to-2021  /looking-ahead-to-2021
/blog/2021-01-17-add-reading-time-to-jigsaw-posts   /add-reading-time-to-jigsaw-posts
/blog/2021-01-19-first-mtb-event-of-2021    /first-mtb-event-of-2021
/blog/2021-09-06-my-visual-studio-code-setup    /my-visual-studio-code-setup
/blog/2021-09-08-filemaker-fmphp-fmrest-package /filemaker-fmphp-fmrest-package
/blog/2021-11-27-frameworks-for-execution-scale-and-effectiveness   /frameworks-for-execution-scale-and-effectiveness
/blog/2021-12-26-wahoo-elemnt-bolt  /wahoo-elemnt-bolt
/blog/2022-01-04-books  /books
/blog/2022-01-09-introducing-subworthy  /introducing-subworthy
/blog/2022-01-17-the-lie-you-always-tell-yourself   /the-lie-you-always-tell-yourself
/blog/2022-01-18-thoughts-after-launching-on-product-hunt   /thoughts-after-launching-on-product-hunt
/blog/2022-01-21-privacy-and-removing-users-names-from-the-database /privacy-and-removing-users-names-from-the-database
/blog/2022-02-02-listening-to-podcast-episodes  /listening-to-podcast-episodes
/blog/2022-02-03-one-switch /one-switch
/blog/2022-03-01-filters    /filters
/blog/2022-03-13-warp   /warp
/blog/2022-05-17-evening-routine    /evening-routine
/blog/2022-07-01-calling-time-on-subworthy  /calling-time-on-subworthy
/blog/2022-08-11-donating-with-dignity  /donating-with-dignity
/blog/2022-08-12-going-light-with-my-phone  /going-light-with-my-phone
/blog/2022-08-13-ways-i-m-available-to-help /ways-i-m-available-to-help
